network,poolId,contractName,contractAddress
scrollSepolia,1,poolConfig,0xCc063C2b40A212C47523670bCD73274A8C596573
scrollSepolia,1,juniorTranche,0x9D89D7b88FcC18f0B188978eC46Bbac6b275F69b
scrollSepolia,1,poolSafe,0x055AA17ed23AdE6e4437f6259DF2FF1440d2D7ed
scrollSepolia,1,seniorTranche,0xdead56d2e3f64BB340aCc6245007F624639d1306
scrollSepolia,1,creditManager,0xb455B4BFcA6cFA9873D90FfAdA43369009e14fd2
scrollSepolia,1,credit,0x2c289b61c92Dfaf2be5968fd6367ab32AC4AD26f
scrollSepolia,2,poolConfig,0x4F43DA9B1DEB62A319916a5979857c50548e1a10
scrollSepolia,2,juniorTranche,0xb6DBd8167933E1c004c0F8Ba4A06d50a2A2AaB6c
scrollSepolia,2,poolSafe,0x9197477E969e60bf4350542A0138072917a54c3E
scrollSepolia,2,seniorTranche,0x7cc09098f664d28d5b07E4ee822502c4A3dB08DE
scrollSepolia,2,creditManager,0x7AfC92f176dd7D953c007f43c143B930541d0E55
scrollSepolia,2,credit,0x6015187D5bed0645d713ae6a7cf44c56c34BDe99
scrollSepolia,3,poolConfig,0x1069bEed920Ca49AC9386a5dB52CD852F94A5A5A
scrollSepolia,3,juniorTranche,0xae7379910E51cec2378BAF2A5553C3aa45310acD
scrollSepolia,3,poolSafe,0xac877D92F33ffDAbFb5173eA1CcbCE5C42253f1c
scrollSepolia,3,seniorTranche,0x3A2b2c3ee4f5bA247B2eD91372Db14eA319D6764
scrollSepolia,3,creditManager,0x8920ED9eAbB5D28Ad8D93f3610723d567D7aDe3C
scrollSepolia,3,credit,0xDF1Bc1444bc3950B9fa57b29181b9670b4880511
scrollSepolia,4,poolConfig,0xe2db201839e4BEEa670ef022feFc3c24fFd19791
scrollSepolia,4,juniorTranche,0xBbA4aD0425f12057472ad13052935c233214F721
scrollSepolia,4,poolSafe,0x1B74199D8FDF86EcB2E7AA64e5d47dF8a76Fa7c8
scrollSepolia,4,seniorTranche,0xF987CB0a694F1686Cf4CF081FaeBAcE7360Fc5e5
scrollSepolia,4,creditManager,0x2e2A925449Cabd7865B3044b975bFe00f0D04Bd5
scrollSepolia,4,credit,0xF5803414aC103C83b861A9AfB70D2B3bBCFaDcfb
scrollSepolia,5,poolConfig,0x1110B66f49801749394641d56e22Ee8cE477A668
scrollSepolia,5,juniorTranche,0xe8722A6a707df55a7e3C576e319433f5e9f5Da82
scrollSepolia,5,poolSafe,0xb8f19B693c57E2345213637b8365aEDD4B719AcD
scrollSepolia,5,seniorTranche,0x1f974Bb37F53Dbab493F603873385dD1a2B92A8a
scrollSepolia,5,creditManager,0x1E405d8FeaDA27711ca4B053Dc12Bbc7abbD0104
scrollSepolia,5,credit,0xDB153A726302Ee8EC8169CFBA8EF92D4C71371C8
scrollSepolia,6,poolConfig,0x087945697F0e4C77A19e5758E3656b6b3BEbdF56
scrollSepolia,6,juniorTranche,0x8c0A18132D5b68a10fF894dc179f575fb3d18f98
scrollSepolia,6,poolSafe,0xCD4f30f55e389fFEa747541e08BF2734E2A26257
scrollSepolia,6,seniorTranche,0x3c2b958e79Ba58E300914DD6543B424e5cb57881
scrollSepolia,6,creditManager,0x258b1C7C348622Bc2EBF3e0D1a095985c0aeFbBF
scrollSepolia,6,credit,0x36bCeFd30f2EA9B7b106d48e1a95C2F700Ee9735
